product_id,forecast_date,forecasted_demand,lower_bound,upper_bound
P0042,2025-11-28,13.5,10.8,16.2
P0042,2025-11-29,13.5,10.8,16.2
P0042,2025-11-30,13.5,10.8,16.2
P0042,2025-12-01,13.5,10.8,16.2
P0042,2025-12-02,13.5,10.8,16.2
P0042,2025-12-03,13.5,10.8,16.2
P0042,2025-12-04,13.5,10.8,16.2
P0042,2025-12-05,13.5,10.8,16.2
P0042,2025-12-06,13.5,10.8,16.2
P0042,2025-12-07,13.5,10.8,16.2
P0042,2025-12-08,13.5,10.8,16.2
P0042,2025-12-09,13.5,10.8,16.2
P0042,2025-12-10,13.5,10.8,16.2
P0042,2025-12-11,13.5,10.8,16.2
P0042,2025-12-12,13.5,10.8,16.2
P0042,2025-12-13,13.5,10.8,16.2
P0042,2025-12-14,13.5,10.8,16.2
P0042,2025-12-15,13.5,10.8,16.2
P0042,2025-12-16,13.5,10.8,16.2
P0042,2025-12-17,13.5,10.8,16.2
P0042,2025-12-18,13.5,10.8,16.2
P0042,2025-12-19,13.5,10.8,16.2
P0042,2025-12-20,13.5,10.8,16.2
P0042,2025-12-21,13.5,10.8,16.2
P0042,2025-12-22,13.5,10.8,16.2
P0042,2025-12-23,13.5,10.8,16.2
P0042,2025-12-24,13.5,10.8,16.2
P0042,2025-12-25,13.5,10.8,16.2
P0042,2025-12-26,13.5,10.8,16.2
P0042,2025-12-27,13.5,10.8,16.2
P0016,2025-11-27,3.4,2.7,4.1
P0016,2025-11-28,3.4,2.7,4.1
P0016,2025-11-29,3.4,2.7,4.1
P0016,2025-11-30,3.4,2.7,4.1
P0016,2025-12-01,3.4,2.7,4.1
P0016,2025-12-02,3.4,2.7,4.1
P0016,2025-12-03,3.4,2.7,4.1
P0016,2025-12-04,3.4,2.7,4.1
P0016,2025-12-05,3.4,2.7,4.1
P0016,2025-12-06,3.4,2.7,4.1
P0016,2025-12-07,3.4,2.7,4.1
P0016,2025-12-08,3.4,2.7,4.1
P0016,2025-12-09,3.4,2.7,4.1
P0016,2025-12-10,3.4,2.7,4.1
P0016,2025-12-11,3.4,2.7,4.1
P0016,2025-12-12,3.4,2.7,4.1
P0016,2025-12-13,3.4,2.7,4.1
P0016,2025-12-14,3.4,2.7,4.1
P0016,2025-12-15,3.4,2.7,4.1
P0016,2025-12-16,3.4,2.7,4.1
P0016,2025-12-17,3.4,2.7,4.1
P0016,2025-12-18,3.4,2.7,4.1
P0016,2025-12-19,3.4,2.7,4.1
P0016,2025-12-20,3.4,2.7,4.1
P0016,2025-12-21,3.4,2.7,4.1
P0016,2025-12-22,3.4,2.7,4.1
P0016,2025-12-23,3.4,2.7,4.1
P0016,2025-12-24,3.4,2.7,4.1
P0016,2025-12-25,3.4,2.7,4.1
P0016,2025-12-26,3.4,2.7,4.1
P0008,2025-12-01,9.6,7.7,11.5
P0008,2025-12-02,9.6,7.7,11.5
P0008,2025-12-03,9.6,7.7,11.5
P0008,2025-12-04,9.6,7.7,11.5
P0008,2025-12-05,9.6,7.7,11.5
P0008,2025-12-06,9.6,7.7,11.5
P0008,2025-12-07,9.6,7.7,11.5
P0008,2025-12-08,9.6,7.7,11.5
P0008,2025-12-09,9.6,7.7,11.5
P0008,2025-12-10,9.6,7.7,11.5
P0008,2025-12-11,9.6,7.7,11.5
P0008,2025-12-12,9.6,7.7,11.5
P0008,2025-12-13,9.6,7.7,11.5
P0008,2025-12-14,9.6,7.7,11.5
P0008,2025-12-15,9.6,7.7,11.5
P0008,2025-12-16,9.6,7.7,11.5
P0008,2025-12-17,9.6,7.7,11.5
P0008,2025-12-18,9.6,7.7,11.5
P0008,2025-12-19,9.6,7.7,11.5
P0008,2025-12-20,9.6,7.7,11.5
P0008,2025-12-21,9.6,7.7,11.5
P0008,2025-12-22,9.6,7.7,11.5
P0008,2025-12-23,9.6,7.7,11.5
P0008,2025-12-24,9.6,7.7,11.5
P0008,2025-12-25,9.6,7.7,11.5
P0008,2025-12-26,9.6,7.7,11.5
P0008,2025-12-27,9.6,7.7,11.5
P0008,2025-12-28,9.6,7.7,11.5
P0008,2025-12-29,9.6,7.7,11.5
P0008,2025-12-30,9.6,7.7,11.5
P0023,2025-11-25,13.6,10.8,16.3
P0023,2025-11-26,13.6,10.8,16.3
P0023,2025-11-27,13.6,10.8,16.3
P0023,2025-11-28,13.6,10.8,16.3
P0023,2025-11-29,13.6,10.8,16.3
P0023,2025-11-30,13.6,10.8,16.3
P0023,2025-12-01,13.6,10.8,16.3
P0023,2025-12-02,13.6,10.8,16.3
P0023,2025-12-03,13.6,10.8,16.3
P0023,2025-12-04,13.6,10.8,16.3
P0023,2025-12-05,13.6,10.8,16.3
P0023,2025-12-06,13.6,10.8,16.3
P0023,2025-12-07,13.6,10.8,16.3
P0023,2025-12-08,13.6,10.8,16.3
P0023,2025-12-09,13.6,10.8,16.3
P0023,2025-12-10,13.6,10.8,16.3
P0023,2025-12-11,13.6,10.8,16.3
P0023,2025-12-12,13.6,10.8,16.3
P0023,2025-12-13,13.6,10.8,16.3
P0023,2025-12-14,13.6,10.8,16.3
P0023,2025-12-15,13.6,10.8,16.3
P0023,2025-12-16,13.6,10.8,16.3
P0023,2025-12-17,13.6,10.8,16.3
P0023,2025-12-18,13.6,10.8,16.3
P0023,2025-12-19,13.6,10.8,16.3
P0023,2025-12-20,13.6,10.8,16.3
P0023,2025-12-21,13.6,10.8,16.3
P0023,2025-12-22,13.6,10.8,16.3
P0023,2025-12-23,13.6,10.8,16.3
P0023,2025-12-24,13.6,10.8,16.3
P0021,2025-11-24,2.5,2.0,3.0
P0021,2025-11-25,2.5,2.0,3.0
P0021,2025-11-26,2.5,2.0,3.0
P0021,2025-11-27,2.5,2.0,3.0
P0021,2025-11-28,2.5,2.0,3.0
P0021,2025-11-29,2.5,2.0,3.0
P0021,2025-11-30,2.5,2.0,3.0
P0021,2025-12-01,2.5,2.0,3.0
P0021,2025-12-02,2.5,2.0,3.0
P0021,2025-12-03,2.5,2.0,3.0
P0021,2025-12-04,2.5,2.0,3.0
P0021,2025-12-05,2.5,2.0,3.0
P0021,2025-12-06,2.5,2.0,3.0
P0021,2025-12-07,2.5,2.0,3.0
P0021,2025-12-08,2.5,2.0,3.0
P0021,2025-12-09,2.5,2.0,3.0
P0021,2025-12-10,2.5,2.0,3.0
P0021,2025-12-11,2.5,2.0,3.0
P0021,2025-12-12,2.5,2.0,3.0
P0021,2025-12-13,2.5,2.0,3.0
P0021,2025-12-14,2.5,2.0,3.0
P0021,2025-12-15,2.5,2.0,3.0
P0021,2025-12-16,2.5,2.0,3.0
P0021,2025-12-17,2.5,2.0,3.0
P0021,2025-12-18,2.5,2.0,3.0
P0021,2025-12-19,2.5,2.0,3.0
P0021,2025-12-20,2.5,2.0,3.0
P0021,2025-12-21,2.5,2.0,3.0
P0021,2025-12-22,2.5,2.0,3.0
P0021,2025-12-23,2.5,2.0,3.0
